X,Y,Z,State,MicroHeight
3.094356,1.876126,1.170668,1,0.000000
2.980299,1.884790,1.169676,1,0.000000
NaN,NaN,1.168684,1,0.000000
3.187063,1.861901,1.168684,1,0.000000
2.917583,1.845498,1.168684,1,0.000000
3.145898,1.878601,1.162012,1,0.000000
2.897340,1.792666,1.168684,1,0.000000
2.895254,1.796269,1.168684,1,0.000000
2.809538,1.855622,1.168684,1,0.000000
2.828699,1.848986,1.166481,1,0.000000
2.875805,1.951162,1.168684,1,0.000000
2.881451,1.910272,1.168684,1,0.000000
2.895986,1.941619,1.168684,1,0.000000
2.906963,1.982478,1.169676,1,0.000000
2.953543,1.985174,1.170668,1,0.000000
2.928033,1.963847,1.172140,1,0.000000
2.904585,1.958022,1.172140,1,0.000000
2.970919,1.944964,1.173612,1,0.000000
2.977462,1.996244,1.173612,1,0.000000
3.024525,1.901986,1.173612,1,0.000000
2.952372,1.996914,1.173612,1,0.000000
2.978959,2.043344,1.175572,1,0.000000
2.864842,2.015340,1.175572,1,0.000000
2.711308,2.136854,1.177532,1,0.000000
3.027221,1.978370,1.177532,1,0.000000
2.880884,1.958525,1.177532,1,0.000000
2.720940,1.996542,1.180883,1,0.000000
2.848351,1.998395,1.180883,1,0.000000
2.880429,1.969876,1.180883,1,0.000000
2.904554,1.931886,1.182422,1,0.000000
3.004808,1.973099,1.183338,1,0.000000
2.863013,2.011087,1.192908,1,0.000000
2.902460,1.931102,1.192908,1,0.000000
2.961072,2.006680,1.219573,1,0.000000
2.946078,2.046102,1.236667,1,0.000000
NaN,NaN,1.240858,1,0.000000
2.896269,2.111591,1.254858,1,0.000000
3.057497,1.927187,1.264667,1,0.000000
3.014782,2.093144,1.265758,1,0.000000
3.025647,1.897431,1.266849,1,0.000000
2.957268,2.031901,1.270937,1,0.000000
2.894491,2.045764,1.276333,1,0.000000
2.955642,2.004401,1.288971,1,0.000000
2.715099,2.107511,1.306233,1,0.000000
2.693012,2.106911,1.313045,1,0.000000
2.758349,2.020704,1.313927,1,0.000000
2.752729,2.013568,1.319151,1,0.000000
2.757466,2.041145,1.319151,1,0.000000
2.694866,2.055484,1.324685,1,0.000000
2.779934,1.986060,1.328714,1,0.000000
NaN,NaN,1.361009,1,0.000000
2.751088,1.899603,1.390348,1,0.000000
2.818731,1.979520,1.398990,1,0.000000
2.634389,2.031847,1.421031,1,0.000000
2.680700,2.001527,1.447335,1,0.000000
2.758335,1.919054,1.482750,1,0.000000
2.837598,1.943582,1.459476,1,0.000000
2.791249,1.988925,1.506023,1,0.000000
2.860974,1.957809,1.511642,1,0.000000
2.871513,1.909941,1.522406,1,0.000000
2.922430,1.923583,1.525338,1,0.000000
2.912615,1.966373,1.530637,1,0.000000
2.986874,1.967885,1.540917,1,0.000000
2.995409,1.899007,1.543444,1,0.000000
2.988987,1.888925,1.551562,1,0.000000
3.025580,1.951347,1.602766,1,0.000000
3.076300,1.930489,1.621652,1,0.000000
3.099849,1.963600,1.637398,1,0.000000
3.028784,1.965909,1.645135,1,0.000000
3.116408,1.997195,1.645135,1,0.000000
3.063691,1.994181,1.646732,1,0.000000
3.130515,2.055219,1.646732,1,0.000000
3.145057,2.115980,1.646927,1,0.000000
3.177978,2.112694,1.647122,1,0.000000
3.180539,2.109679,1.649085,1,0.000000
3.186395,2.085924,1.650903,1,0.000000
3.171555,2.073146,1.653539,1,0.000000
3.256140,2.204611,1.654357,1,0.000000
3.274409,2.198346,1.654357,1,0.000000
3.262261,2.194289,1.654357,1,0.000000
3.235226,2.196995,1.657846,1,0.000000
3.251324,2.261039,1.657846,1,0.000000
3.221070,2.270216,1.654357,1,0.000000
3.204293,2.277698,1.657846,1,0.000000
3.196256,2.359629,1.657846,1,0.000000
3.213826,2.439814,1.654357,1,0.000000
3.238605,2.412547,1.670635,1,0.000000
3.206156,2.503536,1.673159,1,0.000000
3.210195,2.528119,1.677840,1,0.000000
3.212325,2.536086,1.687297,1,0.000000
3.299352,2.612427,1.687297,1,0.000000
3.271026,2.520758,1.687297,1,0.000000
NaN,NaN,1.687297,1,0.000000
3.317118,2.694318,1.687297,1,0.000000
NaN,NaN,1.682569,1,0.000000
3.422728,2.743775,1.687297,1,0.000000
NaN,NaN,1.687297,1,0.000000
NaN,NaN,1.701493,1,0.000000
NaN,NaN,1.706515,1,0.000000
NaN,NaN,1.707549,1,0.000000
3.363571,2.821522,1.723295,1,0.000000
NaN,NaN,1.801311,1,0.000000
NaN,NaN,1.807564,1,0.000000
3.362043,2.836068,1.818700,1,0.000000
NaN,NaN,1.818700,1,0.000000
3.389558,3.009428,1.818700,1,0.000000
3.438977,3.073019,1.818700,1,0.000000
3.389686,3.067835,1.818700,1,0.000000
3.390302,3.111544,1.818700,1,0.000000
3.420059,3.137876,1.818700,1,0.000000
3.443558,3.157078,1.851506,1,0.000000
NaN,NaN,1.857158,1,0.000000
NaN,NaN,1.857158,1,0.000000
NaN,NaN,1.854332,1,0.000000
3.370322,3.215656,1.854332,1,0.000000
NaN,NaN,1.851506,1,0.000000
3.268160,3.088102,1.851506,1,0.000000
3.265617,3.099535,1.842659,1,0.000000
3.222098,3.098835,1.833811,1,0.000000
3.257327,3.145950,1.823076,1,0.000000
3.168128,3.082791,1.812342,1,0.000000
3.129202,3.060102,1.833811,1,0.000000
3.122877,2.928472,1.839773,1,0.000000
3.080455,3.049580,1.840367,1,0.000000
3.053460,3.023954,1.840367,1,0.000000
3.040597,3.032166,1.837777,1,0.000000
3.013736,3.014801,1.834499,1,0.000000
2.977580,3.011635,1.832983,1,0.000000
2.996970,2.972962,1.828777,1,0.000000
2.925311,3.008182,1.823097,1,0.000000
2.924797,3.047871,1.816569,1,0.000000
2.860282,3.035256,1.810685,1,0.000000
2.855123,3.052215,1.809028,1,0.000000
2.854169,3.053464,1.808317,1,0.000000
2.796785,3.007656,1.807605,1,0.000000
2.752243,2.973967,1.807564,1,0.000000
2.725216,2.969421,1.804068,1,0.000000
2.701909,2.913811,1.799046,1,0.000000
2.682143,2.896904,1.799046,1,0.000000
2.662859,2.863133,1.797476,1,0.000000
2.638108,2.844552,1.797432,1,0.000000
2.632891,2.903761,1.797432,1,0.000000
2.612480,2.875135,1.797432,1,0.000000
2.569534,2.898507,1.797432,1,0.000000
2.551201,2.807511,1.797432,1,0.000000
2.516960,2.773878,1.797432,1,0.000000
2.503769,2.746768,1.797432,1,0.000000
2.471126,2.761725,1.797432,1,0.000000
2.437866,2.796093,1.797520,1,0.000000
2.428528,2.856476,1.799513,1,0.000000
2.433946,2.827832,1.799513,1,0.000000
2.370357,2.791879,1.799513,1,0.000000
2.336496,2.773064,1.797520,1,0.000000
2.338830,2.789514,1.797520,1,0.000000
2.277886,2.773534,1.797520,1,0.000000
2.212853,2.781379,1.797520,1,0.000000
2.177134,2.772012,1.799513,1,0.000000
2.114882,2.777858,1.799513,1,0.000000
2.172153,2.785477,1.799513,1,0.000000
2.075677,2.738316,1.799513,1,0.000000
NaN,NaN,1.799513,1,0.000000
1.961228,2.761200,1.797112,1,0.000000
2.013811,2.721373,1.796504,1,0.000000
1.927533,2.727812,1.795720,1,0.000000
1.902668,2.677692,1.793608,1,0.000000
1.871950,2.742444,1.791467,1,0.000000
1.884947,2.671727,1.790855,1,0.000000
1.857319,2.597733,1.790446,1,0.000000
NaN,NaN,1.788265,1,0.000000
1.760201,2.526297,1.786475,1,0.000000
1.744953,2.533762,1.780825,1,0.000000
NaN,NaN,1.706684,1,0.000000
1.731029,2.394052,1.706684,1,0.000000
1.704236,2.357628,1.698144,1,0.000000
1.753681,2.436899,1.698144,1,0.000000
NaN,NaN,1.695423,1,0.000000
1.628043,2.325110,1.692170,1,0.000000
1.704873,2.459469,1.687829,1,0.000000
1.669103,2.304343,1.685640,1,0.000000
1.607959,2.410577,1.683548,1,0.000000
1.593356,2.335213,1.681104,1,0.000000
1.577247,2.281451,1.680791,1,0.000000
1.515292,2.319266,1.584297,1,0.000000
1.469791,2.261822,1.444045,1,0.000000
1.373218,2.337881,1.399100,1,0.000000
NaN,NaN,1.379541,1,0.000000
1.595134,2.226311,1.360855,1,0.000000
1.427908,2.262468,1.339794,1,0.000000
1.440337,2.266299,1.282197,1,0.000000
1.257513,2.297047,1.224600,1,0.000000
1.280914,2.260555,1.205713,1,0.000000
1.234177,2.366743,1.186826,1,0.000000
1.224962,2.326280,1.183614,1,0.000000
1.251739,2.330560,1.159280,1,0.000000
1.180046,2.365757,1.138158,1,0.000000
0.975030,2.426805,1.135397,1,0.000000
0.847420,2.391495,1.132635,1,0.000000
0.937215,2.350984,1.127979,1,0.000000
0.910240,2.229938,1.116640,1,0.000000
0.882625,2.302905,1.109958,1,0.000000
0.859766,2.311042,1.091733,1,0.000000
0.809303,2.406535,1.080954,1,0.000000
0.799895,2.204539,1.061336,1,0.000000
0.763138,2.355705,1.052498,1,0.000000
0.932342,2.254610,1.031614,1,0.000000
NaN,NaN,1.029971,1,0.000000
0.951846,2.289641,1.028328,1,0.000000
NaN,NaN,1.026903,1,0.000000
0.821152,2.370894,1.019235,1,0.000000
NaN,NaN,0.999495,1,0.000000
NaN,NaN,0.985998,1,0.000000
0.774876,2.138408,0.985998,1,0.000000
0.796623,2.283858,0.982832,1,0.000000
NaN,NaN,0.979666,1,0.000000
NaN,NaN,0.979218,1,0.000000
0.933658,2.321634,0.973552,1,0.000000
NaN,NaN,0.965493,1,0.000000
0.542352,2.399446,0.957433,1,0.000000
NaN,NaN,0.954330,1,0.000000
0.816687,2.264608,0.951227,1,0.000000
NaN,NaN,0.929004,1,0.000000
0.973046,2.074811,0.906780,1,0.000000
NaN,NaN,0.904040,1,0.000000
1.165733,2.052876,0.901301,1,0.000000
NaN,NaN,0.857684,2,0.000000
0.634870,2.579804,0.814066,2,0.000000
NaN,NaN,0.814066,2,0.000000
0.772302,2.206984,0.807831,2,0.000000
0.813764,2.152780,0.807831,2,0.000000
NaN,NaN,NaN,2,0.000000
NaN,NaN,NaN,2,0.000000
NaN,NaN,NaN,2,0.000000
NaN,NaN,NaN,2,0.000000
NaN,NaN,NaN,2,0.000000
NaN,NaN,NaN,2,0.000000
NaN,NaN,NaN,2,0.000000
NaN,NaN,NaN,2,0.000000
NaN,NaN,NaN,2,0.000000
NaN,NaN,NaN,2,0.000000
NaN,NaN,NaN,2,0.000000
NaN,NaN,NaN,2,0.000000
NaN,NaN,NaN,2,0.000000
NaN,NaN,NaN,2,0.000000
NaN,NaN,NaN,2,0.000000
NaN,NaN,NaN,2,0.000000
NaN,NaN,NaN,2,0.000000
NaN,NaN,NaN,2,0.000000
NaN,NaN,NaN,2,0.000000
NaN,NaN,NaN,2,0.000000
NaN,NaN,NaN,2,0.000000
NaN,NaN,NaN,2,0.000000
NaN,NaN,NaN,2,0.000000
NaN,NaN,NaN,2,0.000000
NaN,NaN,NaN,2,0.000000
NaN,NaN,NaN,2,0.000000
NaN,NaN,NaN,2,0.000000
NaN,NaN,NaN,2,0.000000
NaN,NaN,NaN,2,0.000000
NaN,NaN,NaN,2,0.000000
NaN,NaN,NaN,2,0.000000
NaN,NaN,NaN,2,0.000000
NaN,NaN,NaN,2,0.000000
NaN,NaN,NaN,2,0.000000
NaN,NaN,NaN,2,0.000000
NaN,NaN,NaN,2,0.000000
NaN,NaN,NaN,2,0.000000
NaN,NaN,NaN,2,0.000000
NaN,NaN,NaN,2,0.000000
NaN,NaN,NaN,2,0.000000
NaN,NaN,NaN,2,0.000000
NaN,NaN,NaN,2,0.000000
NaN,NaN,NaN,2,0.000000
NaN,NaN,NaN,2,0.000000
NaN,NaN,NaN,2,0.000000
NaN,NaN,NaN,2,0.000000
NaN,NaN,NaN,2,0.000000
NaN,NaN,NaN,2,0.000000
NaN,NaN,NaN,2,0.000000
NaN,NaN,NaN,2,0.000000
NaN,NaN,NaN,2,0.000000
NaN,NaN,NaN,2,0.000000
NaN,NaN,NaN,2,0.000000
NaN,NaN,NaN,2,0.000000
NaN,NaN,NaN,2,0.000000
NaN,NaN,NaN,2,0.000000
NaN,NaN,NaN,2,0.000000
NaN,NaN,NaN,2,0.000000
NaN,NaN,NaN,2,0.000000
NaN,NaN,NaN,2,0.000000
NaN,NaN,NaN,2,0.000000
NaN,NaN,NaN,2,0.000000
NaN,NaN,NaN,2,0.000000
NaN,NaN,NaN,2,0.000000
NaN,NaN,NaN,2,0.000000
NaN,NaN,NaN,2,0.000000
NaN,NaN,NaN,2,0.000000
NaN,NaN,NaN,2,0.000000
NaN,NaN,NaN,2,0.000000
NaN,NaN,NaN,2,0.000000
NaN,NaN,NaN,2,0.000000
NaN,NaN,NaN,2,0.000000
NaN,NaN,NaN,2,0.000000
NaN,NaN,NaN,2,0.000000
NaN,NaN,NaN,2,0.000000
NaN,NaN,NaN,2,0.000000
NaN,NaN,NaN,2,0.000000
NaN,NaN,NaN,2,0.000000
NaN,NaN,NaN,2,0.000000
NaN,NaN,NaN,2,0.000000
NaN,NaN,NaN,2,0.000000
NaN,NaN,NaN,2,0.000000
NaN,NaN,NaN,2,0.000000
NaN,NaN,NaN,2,0.000000
NaN,NaN,NaN,2,0.000000
NaN,NaN,NaN,2,0.000000
NaN,NaN,NaN,2,0.000000
NaN,NaN,NaN,2,0.000000
NaN,NaN,NaN,2,0.000000
NaN,NaN,NaN,2,0.000000
NaN,NaN,NaN,2,0.000000
NaN,NaN,NaN,2,0.000000
NaN,NaN,NaN,2,0.000000
NaN,NaN,NaN,2,0.000000
NaN,NaN,NaN,2,0.000000
NaN,NaN,NaN,2,0.000000
NaN,NaN,NaN,2,0.000000
NaN,NaN,NaN,2,0.000000
NaN,NaN,NaN,2,0.000000
NaN,NaN,NaN,2,0.000000
NaN,NaN,NaN,2,0.000000
NaN,NaN,NaN,2,0.000000
NaN,NaN,NaN,2,0.000000
NaN,NaN,NaN,2,0.000000
NaN,NaN,NaN,2,0.000000
NaN,NaN,NaN,2,0.000000
NaN,NaN,NaN,2,0.000000
NaN,NaN,NaN,2,0.000000
NaN,NaN,NaN,2,0.000000
NaN,NaN,NaN,2,0.000000
NaN,NaN,NaN,2,0.000000
NaN,NaN,NaN,2,0.000000
NaN,NaN,NaN,2,0.000000
NaN,NaN,NaN,2,0.000000
NaN,NaN,NaN,2,0.000000
NaN,NaN,NaN,2,0.968053
NaN,NaN,NaN,1,0.000000
NaN,NaN,NaN,1,0.000000
NaN,NaN,NaN,1,0.000000
NaN,NaN,NaN,1,0.000000
NaN,NaN,NaN,1,0.000000
NaN,NaN,NaN,1,0.000000
NaN,NaN,NaN,1,0.000000
NaN,NaN,NaN,1,0.000000
NaN,NaN,NaN,1,0.000000
NaN,NaN,NaN,1,0.000000
NaN,NaN,NaN,1,0.000000
NaN,NaN,NaN,1,0.000000
NaN,NaN,NaN,1,0.000000
NaN,NaN,NaN,1,0.000000
NaN,NaN,NaN,1,0.000000
NaN,NaN,NaN,1,0.000000
NaN,NaN,NaN,1,0.000000
NaN,NaN,NaN,1,0.000000
NaN,NaN,NaN,1,0.000000
NaN,NaN,NaN,1,0.000000
NaN,NaN,NaN,1,0.000000
NaN,NaN,NaN,1,0.000000
NaN,NaN,NaN,1,0.000000
NaN,NaN,NaN,1,0.000000
NaN,NaN,NaN,1,0.000000
NaN,NaN,0.710680,1,0.000000
NaN,NaN,0.854286,1,0.000000
NaN,NaN,0.854286,1,0.000000
NaN,NaN,0.954906,1,0.000000
NaN,NaN,0.954906,1,0.000000
NaN,NaN,0.965022,1,0.000000
NaN,NaN,0.954906,1,0.000000
NaN,NaN,0.953872,1,0.000000
NaN,NaN,0.952837,1,0.000000
NaN,NaN,0.953872,1,0.000000
NaN,NaN,0.954906,1,0.000000
NaN,NaN,0.953872,1,0.000000
NaN,NaN,0.954906,1,0.000000
NaN,NaN,0.965022,1,0.000000
NaN,NaN,0.975138,1,0.000000
NaN,NaN,0.986515,1,0.000000
NaN,NaN,0.997891,1,0.000000
NaN,NaN,1.013418,1,0.000000
NaN,NaN,1.028944,1,0.000000
0.934714,2.245995,1.038140,1,0.000000
0.875711,2.381501,1.047337,1,0.000000
NaN,NaN,1.067026,1,0.000000
1.042108,2.240343,1.086715,1,0.000000
NaN,NaN,1.089226,1,0.000000
0.958185,2.231607,1.091737,1,0.000000
0.956861,2.277318,1.092050,1,0.000000
0.929752,2.259594,1.092362,1,0.000000
0.988880,2.249390,1.108201,1,0.000000
1.019483,2.324206,1.124039,1,0.000000
0.959924,2.264599,1.131501,1,0.000000
0.977952,2.207937,1.138963,1,0.000000
1.147275,2.298904,1.138963,1,0.000000
1.014400,2.335070,1.138963,1,0.000000
1.146173,2.313735,1.144398,1,0.000000
1.178653,2.319092,1.149833,1,0.000000
1.148426,2.334787,1.150132,1,0.000000
1.240158,2.278920,1.150431,1,0.000000
1.293146,2.254198,1.152869,1,0.000000
1.238046,2.308498,1.155307,1,0.000000
1.374074,2.342499,1.156059,1,0.000000
1.372170,2.440432,1.163900,1,0.000000
1.363636,2.320923,1.170989,1,0.000000
1.391109,2.353289,1.170989,1,0.000000
1.437392,2.427514,1.193715,1,0.000000
1.438164,2.440762,1.194486,1,0.000000
1.443423,2.390533,1.200458,1,0.000000
1.445482,2.416551,1.205945,1,0.000000
1.396425,2.418852,1.225740,1,0.000000
1.463490,2.477073,1.280735,1,0.000000
1.491216,2.453598,1.329310,1,0.000000
1.475651,2.460921,1.350150,1,0.000000
1.425620,2.447717,1.357902,1,0.000000
1.539267,2.499463,1.401464,1,0.000000
1.508072,2.565385,1.480965,1,0.000000
1.553468,2.565998,1.552684,1,0.000000
1.558180,2.547386,1.627608,1,0.000000
1.558501,2.582262,1.648004,1,0.000000
1.589013,2.633889,1.651960,1,0.000000
1.668534,2.657634,1.669536,1,0.000000
1.663758,2.596996,1.706684,1,0.000000
1.694191,2.556581,1.712215,1,0.000000
1.716073,2.609024,1.721839,1,0.000000
1.759760,2.640864,1.725931,1,0.000000
1.776968,2.632031,1.730436,1,0.000000
1.809027,2.647233,1.730436,1,0.000000
1.843051,2.701352,1.731729,1,0.000000
1.830636,2.674165,1.731729,1,0.000000
1.875863,2.662098,1.731729,1,0.000000
1.912196,2.688027,1.736079,1,0.000000
1.892606,2.680342,1.736079,1,0.000000
NaN,NaN,1.736079,1,0.000000
1.946221,2.726251,1.736079,1,0.000000
1.960067,2.731514,1.736449,1,0.000000
1.981814,2.749959,1.739135,1,0.000000
2.018940,2.750639,1.739135,1,0.000000
2.102960,2.767641,1.755698,1,0.000000
2.134844,2.772260,1.777632,1,0.000000
2.139627,2.782776,1.777632,1,0.000000
2.204692,2.805041,1.777632,1,0.000000
NaN,NaN,1.777632,1,0.000000
2.265512,2.847181,1.777632,1,0.000000
NaN,NaN,1.777632,1,0.000000
2.314132,2.799309,1.764690,1,0.000000
2.261840,2.798324,1.758611,1,0.000000
NaN,NaN,1.758611,1,0.000000
2.318907,2.877647,1.734898,1,0.000000
2.386292,2.879801,1.734331,1,0.000000
2.460419,2.829219,1.730438,1,0.000000
2.469348,2.863781,1.721631,1,0.000000
2.560662,2.775670,1.715215,1,0.000000
2.612844,2.783264,1.715215,1,0.000000
2.629606,2.804756,1.714281,1,0.000000
NaN,NaN,1.706291,1,0.000000
2.730198,2.812406,1.701152,1,0.000000
NaN,NaN,1.706291,1,0.000000
NaN,NaN,1.701152,1,0.000000
2.832139,2.801358,1.701152,1,0.000000
2.887632,2.782945,1.696013,1,0.000000
2.913520,2.778875,1.701152,1,0.000000
2.971123,2.816128,1.696013,1,0.000000
3.012736,2.813639,1.696013,1,0.000000
2.977987,2.840312,1.690736,1,0.000000
3.126367,2.827082,1.690736,1,0.000000
3.109848,2.895063,1.690736,1,0.000000
3.151826,2.891238,1.701152,1,0.000000
NaN,NaN,1.706291,1,0.000000
3.247459,2.793559,1.714281,1,0.000000
3.229679,2.815114,1.711221,1,0.000000
3.311057,2.818060,1.711221,1,0.000000
3.366867,2.820709,1.721631,1,0.000000
3.363438,2.787341,1.730438,1,0.000000
3.422992,2.802154,1.730438,1,0.000000
NaN,NaN,1.731005,1,0.000000
NaN,NaN,1.734898,1,0.000000
NaN,NaN,1.734898,1,0.000000
3.528164,2.849780,1.745071,1,0.000000
NaN,NaN,1.755245,1,0.000000
NaN,NaN,1.758611,1,0.000000
NaN,NaN,1.761491,1,0.000000
NaN,NaN,1.764690,1,0.000000
NaN,NaN,1.764690,1,0.000000
NaN,NaN,1.783404,1,0.000000
3.535961,2.927187,1.794731,1,0.000000
3.521398,2.940467,1.806058,1,0.000000
3.568897,2.967313,1.801426,1,0.000000
3.419765,2.950619,1.801426,1,0.000000
NaN,NaN,1.819448,1,0.000000
3.471736,3.046808,1.827691,1,0.000000
3.377632,2.932722,1.827691,1,0.000000
3.333499,3.059475,1.827691,1,0.000000
3.430730,2.960145,1.827691,1,0.000000
3.352867,3.080175,1.827691,1,0.000000
3.296070,3.107031,1.827691,1,0.000000
3.234953,3.122598,1.823570,1,0.000000
3.202144,3.135371,1.827691,1,0.000000
3.209073,3.099735,1.823570,1,0.000000
3.216452,3.166673,1.823570,1,0.000000
3.187436,3.152675,1.819448,1,0.000000
3.224593,3.108463,1.819448,1,0.000000
3.161033,3.187609,1.819448,1,0.000000
3.087082,3.206846,1.819448,1,0.000000
NaN,NaN,1.802525,1,0.000000
NaN,NaN,1.802525,1,0.000000
NaN,NaN,1.785601,1,0.000000
2.900455,3.202251,1.784940,1,0.000000
2.967240,3.257864,1.783404,1,0.000000
2.888758,3.312338,1.783404,1,0.000000
2.881243,3.269543,1.783189,1,0.000000
2.876481,3.281748,1.779884,1,0.000000
2.834629,3.248241,1.779884,1,0.000000
2.808055,3.235826,1.772824,1,0.000000
2.787792,3.213690,1.772824,1,0.000000
2.780663,3.229736,1.761529,1,0.000000
2.715978,3.220370,1.753908,1,0.000000
2.742012,3.167895,1.747349,1,0.000000
2.675772,3.119574,1.741087,1,0.000000
2.648392,3.104862,1.724167,1,0.000000
NaN,NaN,1.647481,1,0.000000
NaN,NaN,1.583027,1,0.000000
NaN,NaN,1.384927,1,0.000000
2.388683,3.123526,1.004558,1,0.000000
NaN,NaN,0.785813,1,0.000000
NaN,NaN,0.749335,1,0.000000
2.247759,3.180925,0.689076,1,0.000000
2.171883,3.201129,0.628818,1,0.000000
1.986854,3.149279,0.619012,1,0.000000
1.985084,3.227211,0.615101,1,0.000000
2.077795,3.293732,0.594839,2,0.000000
2.385619,3.393515,0.559545,2,0.000000
2.419922,3.386591,0.540603,2,0.000000
2.477433,3.379798,0.533547,2,0.000000
1.779719,3.383746,0.528929,2,0.000000
1.727072,3.399103,0.516706,2,0.000000
1.669528,3.420095,0.509101,2,0.000000
NaN,NaN,0.508092,2,0.000000
1.713657,3.452463,0.507084,2,0.000000
1.819080,3.484006,0.506151,2,0.000000
1.695915,3.456422,0.505217,2,0.000000
NaN,NaN,0.505217,2,0.000000
1.601603,3.549943,0.505217,2,0.000000
1.606380,3.491256,0.505217,2,0.000000
1.606744,3.557545,0.505217,2,0.000000
1.621247,3.538122,0.505217,2,0.000000
1.883682,3.438809,0.505217,2,0.000000
1.568450,3.764484,0.504021,2,0.000000
NaN,NaN,0.502825,2,0.000000
1.942424,3.679199,0.502763,2,0.000000
1.792232,3.523782,0.502700,2,0.000000
NaN,NaN,0.499174,2,0.000000
NaN,NaN,NaN,2,0.000000
NaN,NaN,NaN,2,0.000000
NaN,NaN,NaN,2,0.000000
NaN,NaN,NaN,2,0.000000
NaN,NaN,NaN,2,0.000000
NaN,NaN,NaN,2,0.000000
NaN,NaN,NaN,2,0.000000
NaN,NaN,NaN,2,0.000000
NaN,NaN,NaN,2,0.000000
NaN,NaN,NaN,2,0.000000
NaN,NaN,NaN,2,0.000000
NaN,NaN,NaN,2,0.000000
NaN,NaN,NaN,2,0.000000
NaN,NaN,NaN,2,0.000000
NaN,NaN,NaN,2,0.000000
NaN,NaN,NaN,2,0.000000
NaN,NaN,NaN,2,0.000000
NaN,NaN,NaN,2,0.000000
NaN,NaN,NaN,2,0.000000
NaN,NaN,NaN,2,0.000000
NaN,NaN,NaN,2,0.000000
NaN,NaN,NaN,2,0.000000
NaN,NaN,NaN,2,0.000000
NaN,NaN,NaN,2,0.000000
NaN,NaN,NaN,2,0.000000
NaN,NaN,NaN,2,0.000000
NaN,NaN,NaN,2,0.000000
NaN,NaN,NaN,2,0.000000
NaN,NaN,NaN,2,0.000000
NaN,NaN,NaN,2,0.000000
NaN,NaN,NaN,2,0.000000
NaN,NaN,NaN,2,0.000000
NaN,NaN,NaN,2,0.000000
NaN,NaN,NaN,2,0.000000
NaN,NaN,NaN,2,0.000000
NaN,NaN,NaN,2,0.000000
NaN,NaN,NaN,2,0.000000
NaN,NaN,NaN,2,0.000000
NaN,NaN,NaN,2,0.000000
NaN,NaN,NaN,2,0.000000
NaN,NaN,NaN,2,0.000000
NaN,NaN,NaN,2,0.000000
NaN,NaN,NaN,2,0.000000
NaN,NaN,NaN,2,0.000000
NaN,NaN,NaN,2,0.000000
NaN,NaN,NaN,2,0.000000
NaN,NaN,NaN,2,0.000000
NaN,NaN,NaN,2,0.000000
NaN,NaN,NaN,2,0.000000
NaN,NaN,NaN,2,0.000000
NaN,NaN,NaN,2,0.000000
NaN,NaN,NaN,2,0.000000
NaN,NaN,NaN,2,0.000000
NaN,NaN,NaN,2,0.000000
NaN,NaN,NaN,2,0.000000
NaN,NaN,NaN,2,0.000000
NaN,NaN,NaN,2,0.000000
NaN,NaN,NaN,2,0.000000
NaN,NaN,NaN,2,0.000000
NaN,NaN,NaN,2,0.000000
NaN,NaN,NaN,2,0.000000
NaN,NaN,NaN,2,0.000000
NaN,NaN,NaN,2,0.000000
NaN,NaN,NaN,2,0.000000
NaN,NaN,NaN,2,0.000000
NaN,NaN,NaN,2,0.000000
NaN,NaN,NaN,2,0.000000
NaN,NaN,NaN,2,0.000000
NaN,NaN,NaN,2,0.000000
NaN,NaN,NaN,2,0.000000
NaN,NaN,NaN,2,0.000000
NaN,NaN,NaN,2,0.000000
NaN,NaN,NaN,2,0.000000
NaN,NaN,NaN,2,0.000000
NaN,NaN,NaN,2,0.000000
NaN,NaN,NaN,2,0.000000
NaN,NaN,NaN,2,0.000000
NaN,NaN,NaN,2,0.000000
NaN,NaN,NaN,2,0.000000
NaN,NaN,NaN,2,0.000000
NaN,NaN,NaN,2,0.000000
NaN,NaN,NaN,2,0.000000
NaN,NaN,NaN,2,0.000000
NaN,NaN,NaN,2,0.000000
NaN,NaN,NaN,2,0.000000
NaN,NaN,NaN,2,0.000000
NaN,NaN,NaN,2,0.000000
NaN,NaN,NaN,2,0.000000
NaN,NaN,NaN,2,0.000000
NaN,NaN,NaN,2,0.000000
NaN,NaN,NaN,2,0.000000
NaN,NaN,NaN,2,0.000000
NaN,NaN,NaN,2,0.000000
NaN,NaN,NaN,2,0.000000
NaN,NaN,NaN,2,0.000000
NaN,NaN,NaN,2,0.000000
NaN,NaN,NaN,2,0.000000
NaN,NaN,NaN,2,0.000000
NaN,NaN,NaN,2,0.126752
NaN,NaN,NaN,3,0.000000
NaN,NaN,NaN,3,0.000000
NaN,NaN,NaN,3,0.000000
NaN,NaN,NaN,3,0.000000
NaN,NaN,NaN,3,0.000000
NaN,NaN,NaN,3,0.000000
NaN,NaN,NaN,3,0.000000
NaN,NaN,NaN,3,0.000000
NaN,NaN,NaN,3,0.000000
NaN,NaN,NaN,3,0.000000
NaN,NaN,NaN,3,0.000000
NaN,NaN,NaN,3,0.000000
NaN,NaN,NaN,3,0.000000
NaN,NaN,NaN,3,0.000000
NaN,NaN,NaN,3,0.000000
NaN,NaN,NaN,3,0.000000
NaN,NaN,NaN,3,0.000000
NaN,NaN,NaN,3,0.000000
NaN,NaN,NaN,3,0.000000
NaN,NaN,NaN,3,0.000000
NaN,NaN,NaN,3,0.000000
NaN,NaN,NaN,3,0.000000
NaN,NaN,NaN,3,0.000000
NaN,NaN,NaN,3,0.000000
NaN,NaN,NaN,3,0.000000
NaN,NaN,NaN,3,0.000000
NaN,NaN,NaN,3,0.000000
NaN,NaN,NaN,3,0.000000
NaN,NaN,NaN,3,0.000000
NaN,NaN,NaN,3,0.000000
NaN,NaN,NaN,3,0.000000
NaN,NaN,NaN,3,0.000000
NaN,NaN,NaN,3,0.000000
NaN,NaN,NaN,3,0.000000
NaN,NaN,NaN,3,0.000000
NaN,NaN,NaN,3,0.000000
NaN,NaN,NaN,3,0.000000
NaN,NaN,NaN,3,0.000000
NaN,NaN,NaN,3,0.000000
NaN,NaN,NaN,3,0.000000
NaN,NaN,NaN,3,0.000000
NaN,NaN,NaN,3,0.000000
NaN,NaN,NaN,3,0.000000
NaN,NaN,NaN,3,0.000000
NaN,NaN,NaN,3,0.000000
NaN,NaN,NaN,3,0.000000
NaN,NaN,NaN,3,0.000000
NaN,NaN,NaN,3,0.000000
NaN,NaN,NaN,3,0.000000
NaN,NaN,NaN,3,0.000000
NaN,NaN,NaN,3,0.000000
NaN,NaN,NaN,3,0.000000
NaN,NaN,NaN,3,0.000000
NaN,NaN,NaN,3,0.000000
NaN,NaN,NaN,3,0.000000
NaN,NaN,NaN,3,0.000000
NaN,NaN,NaN,3,0.000000
NaN,NaN,NaN,3,0.000000
NaN,NaN,NaN,3,0.000000
NaN,NaN,NaN,3,0.000000
NaN,NaN,NaN,3,0.000000
NaN,NaN,NaN,3,0.000000
NaN,NaN,NaN,3,0.000000
NaN,NaN,NaN,3,0.000000
NaN,NaN,NaN,3,0.000000
NaN,NaN,NaN,3,0.000000
NaN,NaN,NaN,3,0.000000
NaN,NaN,NaN,3,0.000000
NaN,NaN,NaN,3,0.000000
NaN,NaN,NaN,3,0.000000
NaN,NaN,NaN,3,0.000000
NaN,NaN,NaN,3,0.000000
NaN,NaN,NaN,3,0.000000
NaN,NaN,NaN,3,0.000000
NaN,NaN,NaN,3,0.000000
NaN,NaN,NaN,3,0.000000
NaN,NaN,NaN,3,0.000000
NaN,NaN,NaN,3,0.000000
NaN,NaN,NaN,3,0.000000
NaN,NaN,NaN,3,0.000000
NaN,NaN,NaN,3,0.000000
NaN,NaN,NaN,3,0.000000
NaN,NaN,NaN,3,0.000000
NaN,NaN,NaN,3,0.000000
NaN,NaN,NaN,3,0.000000
NaN,NaN,NaN,3,0.000000
NaN,NaN,NaN,3,0.000000
NaN,NaN,NaN,3,0.000000
NaN,NaN,NaN,3,0.000000
NaN,NaN,NaN,3,0.000000
NaN,NaN,NaN,3,0.000000
NaN,NaN,NaN,3,0.000000
NaN,NaN,NaN,3,0.000000
NaN,NaN,NaN,3,0.000000
NaN,NaN,NaN,3,0.000000
NaN,NaN,NaN,3,0.000000
NaN,NaN,NaN,3,0.000000
NaN,NaN,NaN,3,0.000000
NaN,NaN,NaN,3,0.000000
NaN,NaN,NaN,3,0.000000
NaN,NaN,NaN,3,0.000000
NaN,NaN,NaN,3,0.000000
NaN,NaN,NaN,3,0.000000
NaN,NaN,NaN,3,0.000000
NaN,NaN,NaN,3,0.000000
NaN,NaN,NaN,3,0.000000
NaN,NaN,NaN,3,0.000000
NaN,NaN,NaN,3,0.000000
NaN,NaN,NaN,3,0.000000
NaN,NaN,NaN,3,0.000000
NaN,NaN,NaN,3,0.000000
NaN,NaN,NaN,3,0.000000
NaN,NaN,NaN,3,0.000000
NaN,NaN,NaN,3,0.000000
NaN,NaN,NaN,3,0.000000
NaN,NaN,NaN,3,0.000000
NaN,NaN,NaN,3,0.000000
NaN,NaN,NaN,3,0.000000
NaN,NaN,NaN,3,0.000000
NaN,NaN,NaN,3,0.000000
NaN,NaN,NaN,3,0.000000
NaN,NaN,NaN,3,0.000000
NaN,NaN,NaN,3,0.000000
NaN,NaN,NaN,3,0.000000
NaN,NaN,NaN,3,0.000000
NaN,NaN,NaN,3,0.000000
NaN,NaN,NaN,3,0.000000
NaN,NaN,NaN,3,0.000000
NaN,NaN,NaN,3,0.000000
NaN,NaN,NaN,3,0.000000
NaN,NaN,NaN,3,0.000000
NaN,NaN,NaN,3,0.000000
NaN,NaN,NaN,3,0.000000
NaN,NaN,NaN,3,0.000000
NaN,NaN,NaN,3,0.000000
NaN,NaN,NaN,3,0.000000
NaN,NaN,NaN,3,0.000000
NaN,NaN,NaN,3,0.000000
NaN,NaN,NaN,3,0.000000
NaN,NaN,NaN,3,0.000000
NaN,NaN,NaN,3,0.000000
NaN,NaN,NaN,3,0.000000
NaN,NaN,0.364078,3,0.000000
NaN,NaN,0.364078,3,0.000000
NaN,NaN,0.364078,3,0.000000
NaN,NaN,0.364078,3,0.000000
NaN,NaN,0.381128,3,0.000000
NaN,NaN,0.405163,3,0.000000
NaN,NaN,0.429197,3,0.000000
NaN,NaN,0.421169,3,0.000000
NaN,NaN,0.413141,3,0.000000
1.985333,3.942393,0.421169,3,0.000000
NaN,NaN,0.413141,3,0.000000
NaN,NaN,0.421169,3,0.000000
1.617907,3.713536,0.413141,3,0.000000
NaN,NaN,0.421169,3,0.000000
NaN,NaN,0.429197,3,0.000000
NaN,NaN,0.421169,3,0.000000
NaN,NaN,0.413141,3,0.000000
1.680342,3.507886,0.421169,3,0.000000
1.668622,3.605661,0.429197,3,0.000000
NaN,NaN,0.431111,3,0.000000
NaN,NaN,0.433026,3,0.000000
NaN,NaN,0.436427,3,0.000000
NaN,NaN,0.439829,3,0.000000
1.660077,3.471910,0.445373,3,0.000000
1.510427,3.449295,0.450916,3,0.000000
1.525066,3.436481,0.492232,3,0.000000
1.660314,3.479199,0.533547,3,0.000000
2.134863,3.526606,0.544873,3,0.000000
1.981539,3.502081,0.556198,3,0.000000
2.270228,3.518857,0.566304,3,0.000000
1.751817,3.434323,0.587663,3,0.000000
2.213700,3.548948,0.598916,3,0.000000
1.743706,3.480947,0.630552,3,0.000000
1.929292,3.481902,0.630552,3,0.000000
2.223269,3.538179,0.662188,3,0.000000
2.180779,3.530492,0.663645,3,0.000000
1.933985,3.356714,0.665102,3,0.000000
2.026103,3.437116,0.667464,3,0.000000
2.184115,3.451074,0.670751,3,0.000000
2.101832,3.396198,0.671676,3,0.000000
2.231462,3.482721,0.671676,3,0.000000
2.024611,3.368011,0.672642,3,0.000000
2.027933,3.411201,0.673609,3,0.000000
2.080645,3.398550,0.673609,3,0.000000
2.156389,3.427476,0.675242,3,0.000000
1.903284,3.320275,0.678098,3,0.000000
1.914479,3.361335,0.680817,3,0.000000
2.018095,3.356517,0.683252,3,0.000000
1.860585,3.329800,0.685901,3,0.000000
2.096536,3.357770,0.689330,3,0.000000
1.964752,3.350176,0.691051,3,0.000000
2.063555,3.362428,0.694334,3,0.000000
2.780041,3.212245,0.697618,3,0.000000
2.059125,3.352532,0.704692,3,0.000000
2.470653,3.209497,0.767402,3,0.000000
2.291221,3.377712,0.824535,3,0.000000
2.209696,3.330586,0.826032,3,0.000000
2.304457,3.320271,0.836008,3,0.000000
2.318226,3.290688,0.838977,3,0.000000
2.253103,3.228614,0.843920,3,0.000000
2.307017,3.217050,0.848736,3,0.000000
2.229486,3.162561,0.849472,3,0.000000
2.206065,3.144723,0.864643,1,0.000000
2.116149,3.233379,0.993913,1,0.000000
2.280789,3.142398,0.999521,1,0.000000
2.236488,3.172099,1.010525,1,0.000000
2.254488,3.133474,1.141460,1,0.000000
2.266110,3.142663,1.160213,1,0.000000
2.268396,3.089490,1.160807,1,0.000000
2.174555,3.042775,1.170989,1,0.000000
2.296378,3.075187,1.313429,1,0.000000
NaN,NaN,1.313604,1,0.000000
NaN,NaN,1.322513,1,0.000000
2.180517,2.956158,1.332630,1,0.000000
2.107717,2.984456,1.469889,1,0.000000
NaN,NaN,1.637922,1,0.000000
2.109848,2.930626,1.645507,1,0.000000
1.999765,2.912408,1.669594,1,0.000000
2.143896,2.834981,1.693682,1,0.000000
2.108600,2.831542,1.704745,1,0.000000
2.144183,2.773148,1.705518,1,0.000000
2.141302,2.920732,1.706291,1,0.000000
2.042279,2.848806,1.710020,1,0.000000
2.089788,2.785631,1.713749,1,0.000000
2.162889,2.834871,1.715050,1,0.000000
2.119139,2.809910,1.729069,1,0.000000
2.001410,2.847347,1.741787,1,0.000000
1.963464,2.761384,1.741787,1,0.000000
1.926981,2.822788,1.741787,1,0.000000
1.876278,2.822680,1.753318,1,0.000000
1.826517,2.832009,1.753318,1,0.000000
1.798326,2.761868,1.777412,1,0.000000
1.804406,2.738564,1.753318,1,0.000000
1.707111,2.735531,1.768109,1,0.000000
1.697974,2.723720,1.781009,1,0.000000
1.698567,2.739688,1.781009,1,0.000000
NaN,NaN,1.779116,1,0.000000
NaN,NaN,1.779116,1,0.000000
1.689756,2.603273,1.781009,1,0.000000
NaN,NaN,1.779116,1,0.000000
NaN,NaN,1.753318,1,0.000000
NaN,NaN,1.741787,1,0.000000
NaN,NaN,1.736800,1,0.000000
NaN,NaN,1.716352,1,0.000000
1.607431,2.391041,1.715050,1,0.000000
NaN,NaN,1.713749,1,0.000000
1.571489,2.344877,1.713432,1,0.000000
1.528620,2.302315,1.713115,1,0.000000
1.565090,2.304075,1.706291,1,0.000000
1.564549,2.290182,1.705518,1,0.000000
NaN,NaN,1.699213,1,0.000000
1.571107,2.212697,1.704745,1,0.000000
1.551425,2.167857,1.678128,1,0.000000
1.549511,2.171619,1.648825,1,0.000000
1.535447,2.140024,1.647122,1,0.000000
1.528906,2.155448,1.645157,1,0.000000
1.520819,2.071662,1.645157,1,0.000000
NaN,NaN,1.638537,1,0.000000
NaN,NaN,1.631916,1,0.000000
1.472226,1.902238,1.611981,1,0.000000
1.463818,1.924369,1.589802,1,0.000000
1.428879,1.909774,1.567622,1,0.000000
1.587020,1.801648,1.567622,1,0.000000
NaN,NaN,1.542861,1,0.000000
NaN,NaN,1.518099,1,0.000000
NaN,NaN,1.513594,1,0.000000
NaN,NaN,1.506767,1,0.000000
1.608407,1.769518,1.488382,1,0.000000
NaN,NaN,1.473734,1,0.000000
1.676980,1.713872,1.473734,1,0.000000
NaN,NaN,1.473734,1,0.000000
1.737115,1.675497,1.476823,1,0.000000
1.737141,1.571382,1.476823,1,0.000000
1.689520,1.715691,1.476823,1,0.000000
1.763144,1.632176,1.476823,1,0.000000
1.782778,1.663140,1.470645,1,0.000000
1.759949,1.559705,1.470645,1,0.000000
1.725608,1.589095,1.470645,1,0.000000
1.766549,1.509471,1.473734,1,0.000000
1.766167,1.559738,1.476823,1,0.000000
1.804913,1.538341,1.476823,1,0.000000
NaN,NaN,1.479219,1,0.000000
1.844455,1.515570,1.479219,1,0.000000
1.820585,1.484802,1.478021,1,0.000000
1.822140,1.539233,1.479219,1,0.000000
1.857174,1.616658,1.479219,1,0.000000
1.851559,1.529470,1.479219,1,0.000000
1.844771,1.672469,1.484103,1,0.000000
1.889365,1.554443,1.494464,1,0.000000
1.816575,1.587430,1.494464,1,0.000000
1.791433,1.609731,1.499304,1,0.000000
1.767960,1.579360,1.509620,1,0.000000
1.791574,1.665960,1.509620,1,0.000000
1.789828,1.655994,1.511607,1,0.000000
1.746541,1.734771,1.513763,1,0.000000
1.683845,1.753918,1.519079,1,0.000000
1.743992,1.744020,1.524226,1,0.000000
1.736742,1.794951,1.524226,1,0.000000
1.674152,1.784833,1.526241,1,0.000000
1.658017,1.821369,1.526241,1,0.000000
1.688626,1.865871,1.528257,1,0.000000
1.593537,1.878654,1.529471,1,0.000000
NaN,NaN,1.530685,1,0.000000
1.593381,1.963048,1.559601,1,0.000000
NaN,NaN,1.559601,1,0.000000
NaN,NaN,1.595601,1,0.000000
1.567490,2.062464,1.608402,1,0.000000
1.530621,2.123477,1.617885,1,0.000000
NaN,NaN,1.621652,1,0.000000
1.569603,2.202096,1.621652,1,0.000000
1.627319,2.210576,1.627374,1,0.000000
1.620871,2.234659,1.633079,1,0.000000
NaN,NaN,1.637398,1,0.000000
1.695714,2.221314,1.637398,1,0.000000
1.628434,2.316201,1.637398,1,0.000000
NaN,NaN,1.637398,1,0.000000
1.662474,2.313008,1.637398,1,0.000000
NaN,NaN,1.633079,1,0.000000
1.666836,2.389359,1.632719,1,0.000000
NaN,NaN,1.632719,1,0.000000
NaN,NaN,1.630880,1,0.000000
1.661105,2.547191,1.602686,1,0.000000
NaN,NaN,1.588517,1,0.000000
1.608789,2.482271,1.559601,1,0.000000
1.687883,2.544804,1.529471,1,0.000000
1.633162,2.562813,1.529471,1,0.000000
1.670638,2.598931,1.528257,1,0.000000
NaN,NaN,1.513756,1,0.000000
1.730540,2.472874,1.497015,1,0.000000
1.764573,2.549097,1.489296,1,0.000000
1.783924,2.505440,1.481271,1,0.000000
1.798527,2.409189,1.469279,1,0.000000
1.791261,2.447610,1.457593,1,0.000000
1.810274,2.391354,1.457593,1,0.000000
1.827844,2.383015,1.390832,1,0.000000
1.847300,2.289563,1.291815,1,0.000000
1.850799,2.275700,1.259558,1,0.000000
1.812636,2.452243,1.237164,1,0.000000
1.891858,2.336461,1.237164,1,0.000000
1.911372,2.223908,1.087984,1,0.000000
1.908555,2.270536,1.020506,1,0.000000
1.887354,2.449453,1.020506,1,0.000000
1.931663,2.371480,0.936765,1,0.000000
1.881870,2.391304,0.920503,1,0.000000
NaN,NaN,0.866438,1,0.000000
2.021627,2.455582,0.866438,1,0.000000
1.953463,2.422425,0.866438,1,0.000000
1.921070,2.430475,0.866438,1,0.000000
1.989321,2.480565,0.889988,2,0.000000
1.973036,2.451346,0.866438,2,0.000000
1.805194,2.292130,0.866438,2,0.000000
1.888889,2.424478,0.866438,2,0.000000
1.922417,2.387535,0.866438,2,0.000000
NaN,NaN,0.866438,2,0.000000
1.939590,2.378765,0.866438,2,0.000000
1.859268,2.322921,0.866438,2,0.000000
1.883272,2.499479,0.866438,2,0.000000
NaN,NaN,0.866438,2,0.000000
1.950691,2.539997,0.866438,2,0.000000
1.934452,2.399526,0.866438,2,0.000000
NaN,NaN,0.866438,2,0.000000
1.992718,2.423180,0.866438,2,0.000000
1.943712,2.437619,0.866438,2,0.000000
1.898288,2.420334,0.913538,2,0.000000
1.944492,2.274691,1.041734,2,0.000000
1.971588,2.358314,1.075872,2,0.000000
1.946440,2.309159,1.120401,2,0.000000
1.861827,2.209828,1.260533,2,0.000000
NaN,NaN,1.408399,2,0.000000
1.895011,2.244755,1.448800,2,0.000000
1.915061,2.310301,1.471406,1,0.000000
1.937670,2.342256,1.525510,1,0.000000
1.940981,2.317104,1.579286,1,0.000000
1.937577,2.380095,1.631627,1,0.000000
1.968653,2.386883,1.635888,1,0.000000
1.980054,2.398032,1.635888,1,0.000000
2.004998,2.429873,1.693715,1,0.000000
2.003532,2.423983,1.748208,1,0.000000
1.954362,2.441614,1.747282,1,0.000000
2.015946,2.582215,1.749134,1,0.000000
2.014616,2.499452,1.749892,1,0.000000
2.041444,2.479849,1.750059,1,0.000000
1.805594,2.481230,1.750873,1,0.000000
1.947822,2.502377,1.752615,1,0.000000
2.041502,2.439033,1.752615,1,0.000000
1.998667,2.452844,1.753708,1,0.000000
1.972848,2.416434,1.756096,1,0.000000
2.024203,2.425852,1.756096,1,0.000000
1.951280,2.502889,1.756418,1,0.000000
1.865429,2.496535,1.757477,1,0.000000
2.014609,2.530346,1.758724,1,0.000000
NaN,NaN,1.758942,1,0.000000
2.023308,2.540428,1.758942,1,0.000000
1.862218,2.402964,1.760562,1,0.000000
1.845845,2.442238,1.762496,1,0.000000
1.920474,2.450580,1.762496,1,0.000000
1.898934,2.423035,1.762496,1,0.000000
1.846643,2.562126,1.762496,1,0.000000
1.923958,2.484085,1.762496,1,0.000000
1.871130,2.462362,1.762496,1,0.000000
1.928233,2.429706,1.764076,1,0.000000
2.012184,2.515923,1.765998,1,0.000000
2.058728,2.542909,1.764984,1,0.000000
2.160173,2.617984,1.765312,1,0.000000
NaN,NaN,1.766620,1,0.000000
1.950570,2.502792,1.766620,1,0.000000
2.053865,2.650406,1.767961,1,0.000000
2.003577,2.532597,1.767961,1,0.000000
1.997561,2.547522,1.767961,1,0.000000
1.966287,2.600584,1.768097,1,0.000000
1.922395,2.482921,1.768097,1,0.000000
1.985787,2.618313,1.768097,1,0.000000
1.962355,2.530086,1.767995,1,0.000000
1.979290,2.528143,1.767995,1,0.000000
1.950274,2.479075,1.768097,1,0.000000
2.009276,2.557001,1.768097,1,0.000000
2.034344,2.527795,1.768097,1,0.000000
2.039499,2.505267,1.768199,1,0.000000
1.963345,2.382990,1.768199,1,0.000000
1.980839,2.382520,1.768199,1,0.000000
2.001515,2.364121,1.768199,1,0.000000
2.043016,2.367640,1.768199,1,0.000000
2.009439,2.323887,1.768199,1,0.000000
2.083531,2.329438,1.768199,1,0.000000
2.115099,2.374394,1.768199,1,0.000000
2.022300,2.252481,1.768199,1,0.000000
2.041965,2.242459,1.767995,1,0.000000
2.032022,2.232599,1.767995,1,0.000000
2.069017,2.361328,1.767928,1,0.000000
2.060803,2.366907,1.765312,1,0.000000
2.102911,2.415473,1.765312,1,0.000000
2.054479,2.315906,1.764657,1,0.000000
2.042633,2.350457,1.764657,1,0.000000
NaN,NaN,1.718635,1,0.000000
1.971499,2.191510,1.707192,1,0.000000
1.961909,2.159019,1.707192,1,0.000000
NaN,NaN,1.703038,1,0.000000
1.987905,2.200259,1.696240,1,0.000000
1.988183,2.186525,1.675194,1,0.000000
NaN,NaN,1.673362,1,0.000000
1.923750,2.072130,1.673362,1,0.000000
1.943972,2.012904,1.653463,1,0.000000
1.941853,1.989012,1.653463,1,0.000000
1.887995,1.979827,1.653463,1,0.000000
1.812315,2.005805,1.653463,1,0.000000
1.809086,2.008596,1.653463,1,0.000000
1.843139,1.997363,1.653463,1,0.000000
1.834558,1.954385,1.651698,1,0.000000
1.839594,1.980836,1.646523,1,0.000000
1.831277,1.984903,1.639374,1,0.000000
1.852653,1.930514,1.637398,1,0.000000
1.867829,1.987024,1.634139,1,0.000000
1.817932,1.976831,1.630880,1,0.000000
1.862190,1.952089,1.627268,1,0.000000
1.815167,2.020963,1.627268,1,0.000000
1.805440,2.031849,1.630880,1,0.000000
1.803371,2.051560,1.627268,1,0.000000
1.758238,2.076699,1.623655,1,0.000000
1.776362,2.135272,1.607255,1,0.000000
1.770475,2.178042,1.603189,1,0.000000
1.735489,2.197227,1.599123,1,0.000000
1.650842,2.231546,1.593336,1,0.000000
1.705558,2.240555,1.587449,1,0.000000
1.707604,2.254283,1.584471,1,0.000000
1.694459,2.292374,1.583327,1,0.000000
1.642232,2.319949,1.575287,1,0.000000
1.627876,2.282733,1.558520,1,0.000000
NaN,NaN,1.543095,1,0.000000
1.546067,2.344146,1.536574,1,0.000000
NaN,NaN,1.530767,1,0.000000
NaN,NaN,1.524485,1,0.000000
NaN,NaN,1.509370,1,0.000000
NaN,NaN,1.472293,1,0.000000
NaN,NaN,1.427989,1,0.000000
NaN,NaN,1.359091,1,0.000000
NaN,NaN,1.269733,1,0.000000
1.443307,2.520098,1.202140,1,0.000000
1.428246,2.509520,1.172246,1,0.000000
NaN,NaN,1.166562,1,0.000000
1.342566,2.609973,1.150313,1,0.000000
NaN,NaN,1.138661,1,0.000000
1.307410,2.487518,1.133946,1,0.000000
1.154324,2.535055,1.113135,1,0.000000
1.286796,2.442390,1.074617,1,0.000000
1.331306,2.560809,1.044207,1,0.000000
1.333111,2.603418,1.034718,1,0.000000
1.135450,2.432227,1.030905,1,0.000000
1.295874,2.522321,1.027803,1,0.000000
1.373976,2.779623,1.027316,1,0.000000
1.078583,2.361906,1.011659,1,0.000000
1.114298,2.385317,1.003901,1,0.000000
1.081522,2.314587,0.996144,1,0.000000
1.097259,2.221564,0.996144,1,0.000000
1.159197,2.237556,0.951572,1,0.000000
1.094652,2.159472,0.907000,1,0.000000
1.071059,2.425499,0.892774,1,0.000000
1.065862,2.146081,0.878548,1,0.000000
1.110780,2.105342,0.849916,1,0.000000
1.101771,2.077325,0.845024,1,0.000000
1.096110,2.034473,0.845024,1,0.000000
1.117701,2.076599,0.837107,1,0.000000
1.111948,2.077341,0.755978,1,0.000000
1.055837,1.895057,0.673263,1,0.000000
1.063239,2.138098,0.651651,1,0.000000
1.207032,2.065824,0.631486,2,0.000000
1.058609,2.456608,0.631137,2,0.000000
1.123811,2.454878,0.625390,2,0.000000
1.044668,2.348526,0.619853,2,0.000000
1.284761,2.541480,0.619853,2,0.000000
1.101818,2.435934,0.619853,2,0.000000
0.948581,2.263602,0.619432,2,0.000000
NaN,NaN,0.615101,2,0.000000
0.827787,2.009275,0.615101,2,0.000000
1.112029,2.358359,0.610886,2,0.000000
0.928718,2.183620,0.609899,2,0.000000
0.832343,2.237975,0.603522,2,0.000000
1.290889,2.300756,0.603522,2,0.000000
1.064758,2.099394,0.597402,2,0.000000
NaN,NaN,0.591169,2,0.000000
NaN,NaN,NaN,2,0.000000
NaN,NaN,NaN,2,0.000000
NaN,NaN,NaN,2,0.000000
NaN,NaN,NaN,2,0.000000
NaN,NaN,NaN,2,0.000000
NaN,NaN,NaN,2,0.000000
NaN,NaN,NaN,2,0.000000
NaN,NaN,NaN,2,0.000000
NaN,NaN,NaN,2,0.000000
NaN,NaN,NaN,2,0.000000
NaN,NaN,NaN,2,0.000000
NaN,NaN,NaN,2,0.000000
NaN,NaN,NaN,2,0.000000
NaN,NaN,NaN,2,0.000000
NaN,NaN,NaN,2,0.000000
NaN,NaN,NaN,2,0.000000
NaN,NaN,NaN,2,0.000000
NaN,NaN,NaN,2,0.000000
NaN,NaN,NaN,2,0.000000
NaN,NaN,NaN,2,0.000000
NaN,NaN,NaN,2,0.000000
NaN,NaN,NaN,2,0.000000
NaN,NaN,NaN,2,0.000000
NaN,NaN,NaN,2,0.000000
NaN,NaN,NaN,2,0.000000
NaN,NaN,NaN,2,0.000000
NaN,NaN,NaN,2,0.000000
NaN,NaN,NaN,2,0.000000
NaN,NaN,NaN,2,0.000000
NaN,NaN,NaN,2,0.000000
NaN,NaN,NaN,2,0.000000
NaN,NaN,NaN,2,0.000000
NaN,NaN,NaN,2,0.000000
NaN,NaN,NaN,2,0.000000
NaN,NaN,NaN,2,0.000000
NaN,NaN,NaN,2,0.000000
NaN,NaN,NaN,2,0.000000
NaN,NaN,NaN,2,0.000000
NaN,NaN,NaN,2,0.000000
NaN,NaN,NaN,2,0.000000
NaN,NaN,NaN,2,0.000000
NaN,NaN,NaN,2,0.000000
NaN,NaN,NaN,2,0.000000
NaN,NaN,NaN,2,0.000000
NaN,NaN,NaN,2,0.000000
NaN,NaN,NaN,2,0.000000
NaN,NaN,NaN,2,0.000000
NaN,NaN,NaN,2,0.000000
NaN,NaN,NaN,2,0.000000
NaN,NaN,NaN,2,0.000000
NaN,NaN,NaN,2,0.000000
NaN,NaN,NaN,2,0.000000
NaN,NaN,NaN,2,0.000000
NaN,NaN,NaN,2,0.000000
NaN,NaN,NaN,2,0.000000
NaN,NaN,NaN,2,0.000000
NaN,NaN,NaN,2,0.000000
NaN,NaN,NaN,2,0.000000
NaN,NaN,NaN,2,0.000000
NaN,NaN,NaN,2,0.000000
NaN,NaN,NaN,2,0.000000
NaN,NaN,NaN,2,0.000000
NaN,NaN,NaN,2,0.000000
NaN,NaN,NaN,2,0.000000
NaN,NaN,NaN,2,0.000000
NaN,NaN,NaN,2,0.000000
NaN,NaN,NaN,2,0.000000
NaN,NaN,NaN,2,0.000000
NaN,NaN,NaN,2,0.000000
NaN,NaN,NaN,2,0.000000
NaN,NaN,NaN,2,0.000000
NaN,NaN,NaN,2,0.000000
NaN,NaN,NaN,2,0.000000
NaN,NaN,NaN,2,0.000000
NaN,NaN,NaN,2,0.000000
NaN,NaN,NaN,2,0.000000
NaN,NaN,NaN,2,0.000000
NaN,NaN,NaN,2,0.000000
NaN,NaN,NaN,2,0.000000
NaN,NaN,NaN,2,0.000000
NaN,NaN,NaN,2,0.000000
NaN,NaN,NaN,2,0.000000
NaN,NaN,NaN,2,0.000000
NaN,NaN,NaN,2,0.000000
NaN,NaN,NaN,2,0.000000
NaN,NaN,NaN,2,0.000000
NaN,NaN,NaN,2,0.000000
NaN,NaN,NaN,2,0.000000
NaN,NaN,NaN,2,0.000000
NaN,NaN,NaN,2,0.000000
NaN,NaN,NaN,2,0.000000
NaN,NaN,NaN,2,0.000000
NaN,NaN,NaN,2,0.000000
NaN,NaN,NaN,2,0.000000
NaN,NaN,NaN,2,0.000000
NaN,NaN,NaN,2,0.000000
NaN,NaN,NaN,2,0.000000
NaN,NaN,NaN,2,0.000000
NaN,NaN,NaN,2,0.000000
NaN,NaN,NaN,2,0.000000
NaN,NaN,NaN,2,0.000000
NaN,NaN,NaN,2,0.000000
NaN,NaN,NaN,2,0.000000
NaN,NaN,NaN,2,0.000000
NaN,NaN,NaN,2,0.000000
NaN,NaN,NaN,2,0.670000
NaN,NaN,NaN,1,0.000000
NaN,NaN,NaN,1,0.000000
NaN,NaN,NaN,1,0.000000
NaN,NaN,NaN,1,0.000000
NaN,NaN,NaN,1,0.000000
NaN,NaN,NaN,1,0.000000
NaN,NaN,NaN,1,0.000000
NaN,NaN,NaN,1,0.000000
NaN,NaN,NaN,1,0.000000
NaN,NaN,NaN,1,0.000000
NaN,NaN,NaN,1,0.000000
NaN,NaN,NaN,1,0.000000
NaN,NaN,NaN,1,0.000000
NaN,NaN,NaN,1,0.000000
NaN,NaN,NaN,1,0.000000
NaN,NaN,NaN,1,0.000000
NaN,NaN,NaN,1,0.000000
NaN,NaN,NaN,1,0.000000
NaN,NaN,NaN,1,0.000000
NaN,NaN,NaN,1,0.000000
NaN,NaN,NaN,1,0.000000
NaN,NaN,NaN,1,0.000000
NaN,NaN,NaN,1,0.000000
NaN,NaN,NaN,1,0.000000
NaN,NaN,NaN,1,0.000000
NaN,NaN,NaN,1,0.000000
NaN,NaN,NaN,1,0.000000
NaN,NaN,NaN,1,0.000000
NaN,NaN,NaN,1,0.000000
NaN,NaN,NaN,1,0.000000
NaN,NaN,NaN,1,0.000000
NaN,NaN,NaN,1,0.000000
NaN,NaN,NaN,1,0.000000
NaN,NaN,NaN,1,0.000000
NaN,NaN,NaN,1,0.000000
NaN,NaN,NaN,1,0.000000
NaN,NaN,NaN,1,0.000000
NaN,NaN,NaN,1,0.000000
NaN,NaN,NaN,1,0.000000
NaN,NaN,NaN,1,0.000000
NaN,NaN,NaN,1,0.000000
NaN,NaN,NaN,1,0.000000
NaN,NaN,NaN,1,0.000000
NaN,NaN,NaN,1,0.000000
NaN,NaN,NaN,1,0.000000
NaN,NaN,NaN,1,0.000000
NaN,NaN,NaN,1,0.000000
NaN,NaN,NaN,1,0.000000
NaN,NaN,NaN,1,0.000000
NaN,NaN,NaN,1,0.000000
NaN,NaN,NaN,1,0.000000
NaN,NaN,NaN,1,0.000000
NaN,NaN,NaN,1,0.000000
NaN,NaN,NaN,1,0.000000
NaN,NaN,NaN,1,0.000000
NaN,NaN,NaN,1,0.000000
NaN,NaN,NaN,1,0.000000
NaN,NaN,NaN,1,0.000000
NaN,NaN,NaN,1,0.000000
NaN,NaN,NaN,1,0.000000
NaN,NaN,NaN,1,0.000000
NaN,NaN,NaN,1,0.000000
NaN,NaN,NaN,1,0.000000
NaN,NaN,NaN,1,0.000000
NaN,NaN,NaN,1,0.000000
NaN,NaN,NaN,1,0.000000
NaN,NaN,NaN,1,0.000000
NaN,NaN,NaN,1,0.000000
NaN,NaN,NaN,1,0.000000
NaN,NaN,NaN,1,0.000000
NaN,NaN,NaN,1,0.000000
NaN,NaN,NaN,1,0.000000
NaN,NaN,NaN,1,0.000000
NaN,NaN,NaN,1,0.000000
NaN,NaN,NaN,1,0.000000
NaN,NaN,NaN,1,0.000000
NaN,NaN,NaN,1,0.000000
NaN,NaN,NaN,1,0.000000
NaN,NaN,NaN,1,0.000000
NaN,NaN,NaN,1,0.000000
NaN,NaN,NaN,1,0.000000
NaN,NaN,NaN,1,0.000000
NaN,NaN,NaN,1,0.000000
NaN,NaN,NaN,1,0.000000
NaN,NaN,NaN,1,0.000000
NaN,NaN,NaN,1,0.000000
NaN,NaN,NaN,1,0.000000
NaN,NaN,NaN,1,0.000000
NaN,NaN,NaN,1,0.000000
NaN,NaN,NaN,1,0.000000
NaN,NaN,NaN,1,0.000000
NaN,NaN,NaN,1,0.000000
NaN,NaN,NaN,1,0.000000
NaN,NaN,NaN,1,0.000000
NaN,NaN,NaN,1,0.000000
NaN,NaN,NaN,1,0.000000
NaN,NaN,NaN,1,0.000000
NaN,NaN,NaN,1,0.000000
NaN,NaN,NaN,1,0.000000
NaN,NaN,NaN,1,0.000000
NaN,NaN,NaN,1,0.000000
NaN,NaN,NaN,1,0.000000
NaN,NaN,NaN,1,0.000000
NaN,NaN,NaN,1,0.000000
NaN,NaN,NaN,1,0.000000
NaN,NaN,NaN,1,0.000000
NaN,NaN,NaN,1,0.000000
NaN,NaN,NaN,1,0.000000
NaN,NaN,NaN,1,0.000000
NaN,NaN,NaN,1,0.000000
NaN,NaN,NaN,1,0.000000
NaN,NaN,NaN,1,0.000000
NaN,NaN,NaN,1,0.000000
NaN,NaN,NaN,1,0.000000
NaN,NaN,NaN,1,0.000000
NaN,NaN,NaN,1,0.000000
NaN,NaN,NaN,1,0.000000
NaN,NaN,NaN,1,0.000000
NaN,NaN,NaN,1,0.000000
NaN,NaN,NaN,1,0.000000
NaN,NaN,NaN,1,0.000000
NaN,NaN,NaN,1,0.000000
NaN,NaN,NaN,1,0.000000
NaN,NaN,NaN,1,0.000000
NaN,NaN,NaN,1,0.000000
NaN,NaN,NaN,1,0.000000
NaN,NaN,NaN,1,0.000000
NaN,NaN,NaN,1,0.000000
NaN,NaN,NaN,1,0.000000
NaN,NaN,NaN,1,0.000000
NaN,NaN,NaN,1,0.000000
NaN,NaN,NaN,1,0.000000
NaN,NaN,NaN,1,0.000000
NaN,NaN,NaN,1,0.000000
NaN,NaN,NaN,1,0.000000
NaN,NaN,NaN,1,0.000000
NaN,NaN,NaN,1,0.000000
NaN,NaN,NaN,1,0.000000
NaN,NaN,NaN,1,0.000000
NaN,NaN,NaN,1,0.000000
NaN,NaN,NaN,1,0.000000
NaN,NaN,NaN,1,0.000000
NaN,NaN,NaN,1,0.000000
NaN,NaN,NaN,1,0.000000
NaN,NaN,NaN,1,0.000000
NaN,NaN,NaN,1,0.000000
NaN,NaN,NaN,1,0.000000
NaN,NaN,NaN,1,0.000000
NaN,NaN,NaN,1,0.000000
NaN,NaN,NaN,1,0.000000
NaN,NaN,NaN,1,0.000000
NaN,NaN,NaN,1,0.000000
NaN,NaN,NaN,1,0.000000
NaN,NaN,NaN,1,0.000000
NaN,NaN,NaN,1,0.000000
NaN,NaN,NaN,1,0.000000
NaN,NaN,NaN,1,0.000000
NaN,NaN,NaN,1,0.000000
NaN,NaN,NaN,1,0.000000
NaN,NaN,NaN,1,0.000000
NaN,NaN,NaN,1,0.000000
NaN,NaN,NaN,1,0.000000
NaN,NaN,NaN,1,0.000000
NaN,NaN,NaN,1,0.000000
NaN,NaN,NaN,1,0.000000
NaN,NaN,NaN,1,0.000000
NaN,NaN,NaN,1,0.000000
NaN,NaN,NaN,1,0.000000
NaN,NaN,NaN,1,0.000000
NaN,NaN,NaN,1,0.000000
NaN,NaN,NaN,1,0.000000
NaN,NaN,NaN,1,0.000000
NaN,NaN,NaN,1,0.000000
NaN,NaN,NaN,1,0.000000
NaN,NaN,NaN,1,0.000000
NaN,NaN,NaN,1,0.000000
NaN,NaN,NaN,1,0.000000
NaN,NaN,NaN,1,0.000000
NaN,NaN,NaN,1,0.000000
NaN,NaN,NaN,1,0.000000
NaN,NaN,NaN,1,0.000000
NaN,NaN,NaN,1,0.000000
NaN,NaN,NaN,1,0.000000
NaN,NaN,NaN,1,0.000000
NaN,NaN,NaN,1,0.000000
NaN,NaN,NaN,1,0.000000
NaN,NaN,NaN,1,0.000000
NaN,NaN,NaN,1,0.000000
NaN,NaN,NaN,1,0.000000
NaN,NaN,NaN,1,0.000000
NaN,NaN,NaN,1,0.000000
NaN,NaN,NaN,1,0.000000
NaN,NaN,NaN,1,0.000000
NaN,NaN,NaN,1,0.000000
NaN,NaN,NaN,1,0.000000
NaN,NaN,NaN,1,0.000000
NaN,NaN,NaN,1,0.000000
NaN,NaN,NaN,1,0.000000
NaN,NaN,NaN,1,0.000000
NaN,NaN,NaN,1,0.000000
NaN,NaN,NaN,1,0.000000
NaN,NaN,NaN,1,0.000000
NaN,NaN,NaN,1,0.000000
NaN,NaN,NaN,1,0.000000
NaN,NaN,NaN,1,0.000000
NaN,NaN,NaN,1,0.000000
NaN,NaN,NaN,1,0.000000
NaN,NaN,NaN,1,0.000000
NaN,NaN,NaN,1,0.000000
NaN,NaN,NaN,1,0.000000
NaN,NaN,NaN,1,0.000000
NaN,NaN,NaN,1,0.000000
NaN,NaN,NaN,1,0.000000
NaN,NaN,NaN,1,0.000000
NaN,NaN,NaN,1,0.000000
NaN,NaN,NaN,1,0.000000
NaN,NaN,NaN,1,0.000000
NaN,NaN,NaN,1,0.000000
NaN,NaN,NaN,1,0.000000
NaN,NaN,NaN,1,0.000000
NaN,NaN,NaN,1,0.000000
NaN,NaN,NaN,1,0.000000
NaN,NaN,NaN,1,0.000000
NaN,NaN,NaN,1,0.000000
NaN,NaN,NaN,1,0.000000
NaN,NaN,NaN,1,0.000000
NaN,NaN,NaN,1,0.000000
NaN,NaN,NaN,1,0.000000
NaN,NaN,NaN,1,0.000000
NaN,NaN,NaN,1,0.000000
NaN,NaN,NaN,1,0.000000
NaN,NaN,NaN,1,0.000000
NaN,NaN,NaN,1,0.000000
NaN,NaN,NaN,1,0.000000
NaN,NaN,NaN,1,0.000000
NaN,NaN,NaN,1,0.000000
NaN,NaN,NaN,1,0.000000
NaN,NaN,NaN,1,0.000000
NaN,NaN,NaN,1,0.000000
NaN,NaN,NaN,1,0.000000
NaN,NaN,NaN,1,0.000000
NaN,NaN,NaN,1,0.000000
NaN,NaN,NaN,1,0.000000
NaN,NaN,NaN,1,0.000000
NaN,NaN,NaN,1,0.000000
NaN,NaN,NaN,1,0.000000
NaN,NaN,NaN,1,0.000000
NaN,NaN,NaN,1,0.000000
NaN,NaN,NaN,1,0.000000
NaN,NaN,NaN,1,0.000000
NaN,NaN,NaN,1,0.000000
NaN,NaN,NaN,1,0.000000
NaN,NaN,NaN,1,0.000000
NaN,NaN,NaN,1,0.000000
NaN,NaN,NaN,1,0.000000
NaN,NaN,NaN,1,0.000000
NaN,NaN,NaN,1,0.000000
NaN,NaN,NaN,1,0.000000
NaN,NaN,NaN,1,0.000000
NaN,NaN,NaN,1,0.000000
NaN,NaN,NaN,1,0.000000
NaN,NaN,NaN,1,0.000000
NaN,NaN,NaN,1,0.000000
NaN,NaN,NaN,1,0.000000
NaN,NaN,NaN,1,0.000000
NaN,NaN,NaN,1,0.000000
NaN,NaN,NaN,1,0.000000
NaN,NaN,NaN,1,0.000000
NaN,NaN,NaN,1,0.000000
NaN,NaN,NaN,1,0.000000
NaN,NaN,NaN,1,0.000000
NaN,NaN,NaN,1,0.000000
NaN,NaN,NaN,1,0.000000
NaN,NaN,NaN,1,0.000000
NaN,NaN,NaN,1,0.000000
NaN,NaN,NaN,1,0.000000
NaN,NaN,NaN,1,0.000000
NaN,NaN,NaN,1,0.000000
NaN,NaN,NaN,1,0.000000
NaN,NaN,NaN,1,0.000000
NaN,NaN,NaN,1,0.000000
NaN,NaN,NaN,1,0.000000
NaN,NaN,NaN,1,0.000000
NaN,NaN,NaN,1,0.000000
NaN,NaN,NaN,1,0.000000
NaN,NaN,NaN,1,0.000000
NaN,NaN,NaN,1,0.000000
NaN,NaN,NaN,1,0.000000
NaN,NaN,NaN,1,0.000000
NaN,NaN,NaN,1,0.000000
NaN,NaN,NaN,1,0.000000
NaN,NaN,NaN,1,0.000000
NaN,NaN,NaN,1,0.000000
NaN,NaN,NaN,1,0.000000
NaN,NaN,NaN,1,0.000000
NaN,NaN,NaN,1,0.000000
NaN,NaN,NaN,1,0.000000
NaN,NaN,NaN,1,0.000000
NaN,NaN,NaN,1,0.000000
NaN,NaN,NaN,1,0.000000
NaN,NaN,NaN,1,0.000000
NaN,NaN,NaN,1,0.000000
NaN,NaN,NaN,1,0.000000
NaN,NaN,NaN,1,0.000000
NaN,NaN,NaN,1,0.000000
NaN,NaN,NaN,1,0.000000
NaN,NaN,NaN,1,0.000000
NaN,NaN,NaN,1,0.000000
NaN,NaN,NaN,1,0.000000
NaN,NaN,NaN,1,0.000000
NaN,NaN,NaN,1,0.000000
NaN,NaN,NaN,1,0.000000
NaN,NaN,NaN,1,0.000000
NaN,NaN,NaN,1,0.000000
NaN,NaN,NaN,1,0.000000
NaN,NaN,NaN,1,0.000000
NaN,NaN,NaN,1,0.000000
NaN,NaN,NaN,1,0.000000
NaN,NaN,NaN,1,0.000000
NaN,NaN,NaN,1,0.000000
NaN,NaN,NaN,1,0.000000
NaN,NaN,NaN,1,0.000000
NaN,NaN,NaN,1,0.000000
NaN,NaN,NaN,1,0.000000
NaN,NaN,NaN,1,0.000000
NaN,NaN,NaN,1,0.000000
NaN,NaN,NaN,1,0.000000
NaN,NaN,NaN,1,0.000000
NaN,NaN,NaN,1,0.000000
NaN,NaN,NaN,1,0.000000
NaN,NaN,NaN,1,0.000000
NaN,NaN,NaN,1,0.000000
NaN,NaN,NaN,1,0.000000
NaN,NaN,NaN,1,0.000000
NaN,NaN,NaN,1,0.000000
0.862859,2.143971,0.592078,1,0.000000
NaN,NaN,0.585122,1,0.000000
NaN,NaN,0.592078,1,0.000000
NaN,NaN,0.592078,1,0.000000
NaN,NaN,0.592078,1,0.000000
NaN,NaN,0.592078,1,0.000000
1.137453,1.961915,0.592078,1,0.000000
1.162789,1.911999,0.592078,1,0.000000
1.180517,1.665781,0.592080,1,0.000000
1.159312,2.447216,0.592081,1,0.000000
1.254372,2.542450,0.592080,1,0.000000
1.427892,2.919099,0.592080,1,0.000000
1.191876,2.731685,0.592081,1,0.000000
1.374437,2.772822,0.592081,1,0.000000
1.385561,2.496497,0.605402,1,0.000000
1.141162,2.620041,0.611191,1,0.000000
1.120709,2.722387,0.611191,1,0.000000
1.339824,2.561887,0.611191,1,0.000000
NaN,NaN,0.613729,1,0.000000
NaN,NaN,0.615221,1,0.000000
0.863976,2.516550,0.616713,1,0.000000
1.110755,1.937813,0.619853,1,0.000000
1.352479,2.624503,0.625699,1,0.000000
1.250852,2.469197,0.631545,1,0.000000
0.968586,2.031398,0.653395,1,0.000000
0.907642,1.970933,0.675244,1,0.000000
0.969736,2.026617,0.681219,1,0.000000
1.116613,2.109280,0.698171,1,0.000000
1.105809,2.328944,0.710736,1,0.000000
1.116603,2.426363,0.720229,1,0.000000
1.244502,2.474451,0.728695,1,0.000000
1.087735,2.307903,0.743521,1,0.000000
1.082646,2.294274,0.765390,1,0.000000
0.957013,1.883303,0.772997,1,0.000000
0.981517,2.032770,0.778400,1,0.000000
1.003598,1.964497,0.785373,1,0.000000
0.939760,2.055452,0.796550,1,0.000000
1.027656,2.107431,0.818586,1,0.000000
0.890538,2.065764,0.843033,1,0.000000
0.984689,2.047618,0.855052,1,0.000000
0.987221,2.154172,0.855052,1,0.000000
1.002925,2.056594,0.862524,1,0.000000
1.084947,2.147851,0.869995,1,0.000000
1.175189,2.161093,0.878435,1,0.000000
1.151591,2.266585,0.886875,1,0.000000
1.281368,2.360183,0.891619,1,0.000000
1.204320,2.202010,0.933934,1,0.000000
1.214065,2.482630,0.979120,1,0.000000
1.193844,2.268278,0.987942,1,0.000000
1.222665,2.382652,0.995011,1,0.000000
1.259486,2.373532,1.000914,1,0.000000
1.296017,2.425984,1.029472,1,0.000000
NaN,NaN,1.060360,1,0.000000
NaN,NaN,1.063583,1,0.000000
1.406420,2.482444,1.071045,1,0.000000
1.366830,2.494188,1.085530,1,0.000000
1.434296,2.641563,1.095070,1,0.000000
1.462151,2.693412,1.104273,1,0.000000
1.363404,2.514236,1.111811,1,0.000000
NaN,NaN,1.216748,1,0.000000
NaN,NaN,1.219831,1,0.000000
NaN,NaN,1.221003,1,0.000000
NaN,NaN,1.267971,1,0.000000
NaN,NaN,1.356500,1,0.000000
NaN,NaN,1.399233,1,0.000000
1.678305,2.653205,1.438336,1,0.000000
1.752162,2.849268,1.544497,1,0.000000
1.603159,2.922496,1.584550,1,0.000000
1.804897,2.865559,1.587274,1,0.000000
1.854943,2.879203,1.602504,1,0.000000
1.982603,2.868709,1.636494,1,0.000000
2.010703,2.859959,1.708281,1,0.000000
1.878327,2.878829,1.735284,1,0.000000
1.785278,2.974630,1.741205,1,0.000000
1.995036,2.877341,1.747125,1,0.000000
1.971463,2.928312,1.759853,1,0.000000
2.094197,2.960522,1.762011,1,0.000000
NaN,NaN,1.766749,1,0.000000
2.252077,2.925533,1.777533,1,0.000000
2.316254,2.915871,1.795675,1,0.000000
NaN,NaN,1.797358,1,0.000000
2.422726,2.909376,1.799041,1,0.000000
2.472168,2.891406,1.797358,1,0.000000
NaN,NaN,1.799041,1,0.000000
2.625844,2.882013,1.803322,1,0.000000
2.589288,2.984866,1.799041,1,0.000000
2.672654,3.041506,1.799041,1,0.000000
2.720484,3.015476,1.799041,1,0.000000
2.781132,3.047279,1.799041,1,0.000000
2.894161,2.909604,1.799041,1,0.000000
2.919086,2.952261,1.799041,1,0.000000
2.979940,2.969686,1.799041,1,0.000000
2.901199,2.897586,1.799041,1,0.000000
2.951025,2.855519,1.799041,1,0.000000
2.963146,2.834800,1.799041,1,0.000000
2.941859,2.769709,1.795675,1,0.000000
2.955330,2.728670,1.795675,1,0.000000
2.995350,2.742882,1.795675,1,0.000000
2.970834,2.696597,1.786604,1,0.000000
2.963243,2.701481,1.770010,1,0.000000
2.958967,2.669465,1.770010,1,0.000000
3.028446,2.667216,1.762486,1,0.000000
3.049887,2.675910,1.748592,1,0.000000
2.965231,2.546609,1.748592,1,0.000000
3.090897,2.560271,1.728437,1,0.000000
3.021245,2.466231,1.706915,1,0.000000
3.012404,2.421910,1.700856,1,0.000000
2.973737,2.348385,1.694824,1,0.000000
2.881460,2.277419,1.690800,1,0.000000
2.912496,2.201722,1.687870,1,0.000000
2.902665,2.116831,1.683199,1,0.000000
2.822519,2.075145,1.678772,1,0.000000
2.916619,2.166895,1.676001,1,0.000000
2.784557,2.080347,1.673231,1,0.000000
2.847529,2.020018,1.664618,1,0.000000
2.904952,2.044772,1.656006,1,0.000000
2.836228,2.009343,1.653706,1,0.000000
2.916207,1.996929,1.651406,1,0.000000
2.909111,2.056265,1.583775,1,0.000000
2.887802,2.020274,1.516144,1,0.000000
3.069469,2.023196,1.511107,1,0.000000
3.000531,1.948659,1.506069,1,0.000000
2.926127,1.976369,1.503161,1,0.000000
2.915794,2.015820,1.500253,1,0.000000
2.903414,2.037897,1.494919,1,0.000000
2.907309,1.974038,1.489584,1,0.000000
2.977823,2.007290,1.489584,1,0.000000
2.970415,2.038243,1.489584,1,0.000000
2.990979,1.914395,1.489584,1,0.000000
2.978549,1.841939,1.489584,1,0.000000
